Primer ID,forward,reverse
Chr1,617463_617474,TTTGGCCAACCGGACTTTAGA,GGACGTACTGTTCTTTGGTGG
Chr1,639121_639141,GTTTCTCTTGGCTAGTGACA,CACTCTGGACAGATTGACTTGC
Chr1,678488_678502,GTAACCAAAAAGCGAGGGACC,CCAAGTGTTAGACTGCGAGC
Chr1,798297_798298,TTAAGCAGCACTAGTAGTATCTAA,ATTCGTGCCTTTCAGCTTGC
Chr1,804042_804049,CACATAATGGATCTCTTCCCGT,ACTATTATCATTGCACCGAGGC
Chr1,814099_814106,AAAACAGCGACGATCTTTTTGTCT,TTTCGGGCGCAAAAAGGATA
Chr1,832001_832005,GAAGGTTGCTCAGTGCTGC,GGCGCTCTTTGTGTCTTCTG
Chr1,1090630_1090636,CGGTGATTTGCGGAAGGTTT,TCATCTTCACTTCAAGAATCGAGA
Chr1,1311947_1311962,GTCGGGATAGGTTCAATCGT,GCAACTCCCAGAAAAACAATTGC
Chr1,1364318_1364332,CTGCGCTGATCATTTATGACACT,CAAGATGGAACTTGTGCATTTCT
Chr1,1509907_1509919,CCTGAGCCATCACAAACTGA,TTTTGTCTGCTTGAGTTTCCCA
Chr1,1868873_1868892,TCCGGACGAGAGATTCCAC,AATGTCGGCTGTTGGTGAG
Chr1,2306663_2306664,TTCCCCCATCAACTTACACG,CTTTATGCTTGAGCCTCTGC
Chr1,2354329_2354345,TTTCGACCACCTGTCAACC,GGGTCCATGAGGTGCATAC
Chr1,2429949_2429950,TCTTACAGAAAGCGTAACAGT,AATGCTTAACTTCTAAACGCCCA
Chr1,2450422_2450427,AGATCATGGGCAGGTAATCTGG,ACAAACGAAAAGAGGTTCTTTCCT
Chr1,3089849_3089853,AGGACGGACTCTGGACTG,GTTTTCTGTGTATCTGTAACGCC
Chr1,3091058_3091064,CATACATGACGAACAGTGCCG,AAGTCTTCTTCCACAACATTCGG
Chr1,3152496_3152514,CAAACACGACTCAGCAGTACT,AACGCTCGTGCTTGATACCT
Chr1,3162631_3162637,GAGCATCTTCATTTCACCAAGC,TTGCTAATTGAAGCCCTATCTTCT
Chr1,3183323_3183324,TTCGGCAAGATGTATTTGGAAACA,GACTCGGTGGGCAAGCTT
Chr1,3412307_3412326,ATTTCAAGAGCGAGTGGATAGGT,ATCATGAACCTGCGACGAAGA
Chr1,3475906_3475909,AGACTGAGCGTGAAACTGGA,ACTGTTACAAGCTGCGATGG
Chr1,3532265_3532270,AACTTCTCCAGCATTGGC,CTGCCATGTCAACTCACGAT
Chr1,3769200_3769217,TAAGCTCGCCAACTCGGAA,GATTTTTGTCTCTCGCAACATCT
Chr1,3792615_3792631,GGTATCTATCGAAAAGCACTCCAC,GCCGGGTGGTTAACTTGG
Chr1,3877263_3877270,GACGAGAAGAGAACGACAAGTG,CAGTCGAGCGAATATGCCAC
Chr1,4495568_4495583,CCTGCGTCGGTCTCAAAAG,AGACTCCATGGTGACGAAGG
Chr1,4695760_4695761,TACCTATGCGTAAACGACTCACT,GCTCCTTATTGAATATCCGAGCA
Chr1,4695761_4695763,CCTATGCGTAAACGACTCACT,TTGCTCCTTATTGAATATCCGAGC
Chr1,5111261_5111263,TGTGAATAATCTCTAGCTGTAGA,ATTCAGATATCGATGCTTTGGCG
Chr1,5143946_5143947,AATTCAGACAACAGACATTCGTGA,TGTGGTTTGAGAGCTGGG
Chr1,5144897_5144903,CGACAATTGTTTTTATTGGGCTCA,CGCTCCATGTGCCTTTAACC
Chr1,5159956_5159971,GATGCGCCTTGGTAAGTCC,CGTACATGTGCTCGGCAAC
Chr1,5274492_5274500,CGATAAGAAGCGTGCTCTCT,AAATCTTTCGTTCACGTCAACA
Chr1,5507315_5507327,ATTCTGGCAGTGCGGAGT,TTCCTTGTTTCCGTATCTGAGGA
Chr1,5514995_5514998,AGTTCGCCGAGTGGATTG,CCGGCAGGGAAGAAGTAGTT
Chr1,5532896_5532907,TGTTCATCAGACACGTAGGCT,ATCCTTGTCCTCCTGCCG
Chr1,5589394_5589414,GCATACTCCTCATTGCACACC,CTGATCGGTTCTTTGCTTGGG
Chr1,5652905_5652906,CTCGACATGTGGCTTGTGAAG,AGGATCCATCAACAATCGCTC
Chr1,5847816_5847824,AGGGTACACTAGACGACCAA,CCAATGACTGGCCATTCGC
Chr1,5847824_5847827,GTACACTAGACGACCAAATTGTGT,CCCCCAATGACTGGCCATT
Chr1,5999834_5999845,CCCAGAAAGGTTGACTAGAAGT,GAAGACCAACGACTATTGTCCC
Chr1,6066727_6066748,CGTCGTCAGTGAGGTTCGT,GGACATGATGACGGAATTCGAG
Chr1,6262376_6262386,GATACGACGCGGAGTGGAA,CAAGTTTTCCCCATATGCTCCC
Chr1,6305266_6305267,CATAACAACACACTTGACATTGGC,TGTTGTTCACCTGCCCAG
Chr1,6516768_6516787,GAAACAGGGATAGACTCTTGA,ATCCAGCTCCTCGTCTCC
Chr1,6804081_6804102,ATGTGTGTGTTAAGGACAATGT,GTCAGCAATGGATCAAATTTCACA
Chr1,6823252_6823256,TGGCCATGACATCGATGTTCT,ATTGGATGCTTTTAGATCCCCT
Chr1,6829995_6830002,TTCATACTGGGTTTCCCTG,GTATCAGGTTAGTGGCATGCG
Chr1,7017154_7017160,TGTGAGCGAGCTCCTTGAG,TCTTACCATCCGGTTGGA
Chr1,7022178_7022191,CCAGCATTCTTTACTCCAACAG,GGGATTTCGCCATCTTGCAA
Chr1,7065939_7065951,ATCGGCATGAAAAAGGCAGAG,TGCCAAAGCTGAAGTCTTGC
Chr1,7078963_7078965,ATTTTTCAAGCGACCTTTTAGG,GCACGATCATCCTTTCCCATC
Chr1,7099316_7099331,ATGCTGAGATACCATCGTCTTGT,GAAATCCTTTGAAGCTCGGAGC
Chr1,7170501_7170504,TGAATAAGGTCATCGGTGTTGAC,GCCTGATCTCCAAGCCTGA
Chr1,7313992_7313996,TTTCAGGCATCCATCTCCATC,TTATGAAACACGACGACAGGG
Chr1,7333843_7333864,GTAGAAGGAATAGGCCCTACACT,GTATATTCCTCGATCGTTCTTCA
Chr1,7348330_7348336,AACAACAGCAGCCTCTTATCC,TGGGCAGTAGGCTGTTGAG
Chr1,7354248_7354263,TACACTCCAGCATCGCCTC,CCTCTATGGACAGAAGATGCTGA
Chr1,7363004_7363010,CCATCTCTACAACACTGATTCTGT,AACTACCGTGAAGGCATTGT
Chr1,7363010_7363013,TCTCTACAACACTGATTCTGTT,TTCAACTACCGTGAAGGCATTG
Chr1,7419918_7419920,TGGAGATAGGCTCAAAATGATCTG,GTGGTCTGAGAACCCCTC
Chr1,7425467_7425479,CCTGTCTTCTCAGCAATGTCA,TAAGACCATTCAGATTCGTTGTGG
Chr1,7455765_7455777,CGGTTCTGATCCTCGAGAATG,TGGACTCCATTGTCGAGTAAGA
Chr1,7455777_7455785,ATCCTCGAGAATGCTTCTACGA,CAAACGACTGGACTCCATTGTC
Chr1,7458980_7458984,CACGTGGTGACAAAGTATCCG,CTAATCTCTTCCGCCGCTAC
Chr1,7487383_7487401,GGTCGGGTGTTTGGTTGC,GGATTGTTATCATCATCTGCCTCC
Chr1,7500135_7500149,TTATGCCTGTTTGGTTTCCTCT,TGTTTGTTTCAACCCTAAACTT
Chr1,7502567_7502575,CAGGCTTTTGATCTGGAACA,GGCTATAAACATCAGAGTCAGCG
Chr1,7523614_7523630,AGCCCTTGAGTCCAAACT,CTTCCCCCGATCTCTCCAG
Chr1,7527578_7527590,CAATAGCTGTATCGCAATCAT,GGGCCTAGCGCTAGTGTT
Chr1,7552431_7552440,ACGTTTCAGGCCTGACATTTC,TCCAGTAGACATGTCATACCGTG
Chr1,7602591_7602593,CATAGGGTAACTCACAGCCACA,TGCGTTTCAGCTGATTGACG
Chr1,7602593_7602602,ACTCACAGCCACAAACCG,AAATGAGATTGCGTTTCAGCTGA
Chr1,7750808_7750823,AATCTGGCCAGCTCCTCTTC,GCAGGCTTGTTTCCCTCAG
Chr1,7770379_7770399,ACGACATAAAATGGAACCATGA,AGAGCTTGGATGAATTCAGCG
Chr1,7783856_7783874,CTGACTCGATGCGTATGGG,CCAGGAGTTTGTATCTGCACT
Chr1,7813527_7813528,CGCCGTGTTTTTCTTGTCATG,AGCGCTAATGACGTGCTG
Chr1,7825934_7825943,ACTGCCAAGTCAGCCAAGA,AGATCAAACCAAAACCTGTCGC
Chr1,7890738_7890742,ATCACGACTGTCCTCATATCT,TCAAGAGACAAAGCATCCTTCG
Chr1,7927378_7927395,CGGGGAGTTGATCGGTCC,GGACCTGACTCCACTGTGAAG
Chr1,8168519_8168528,ATTTTTGACGTGGATGCACA,GGCCAATAAGCGGGAGAATC
Chr1,8321429_8321435,GGTATCACGCGAAACCGAG,TCAGGTTCGCTTCCTTAGC
Chr1,8395859_8395872,GCTATGACTACAAGATACGAGA,CAAGAAGTTGCCAGTAACGT
Chr1,8419964_8419967,GGCCCAGCATGAATGTGATC,GTCTTGACTGATCTTGTCCTCG
Chr1,8448793_8448810,ACGTCTAATTGGATGTGATTCCC,TTATAAGTGAGTGCGGCGG
Chr1,8486550_8486566,CACATGGAGTACCTGGAGATCT,CGTGTACGAAGAGGTTGCC
Chr1,8514904_8514913,AATAAGTCCTCATCAAGACGTCT,ATTGGCTCTCACTTTCAAGAAGT
Chr1,9103630_9103648,CACCATCCTACAGCGCATC,CCCAACTTTGCTAGCATTCCA
Chr1,9613433_9613440,GCTCTCGAGGCTGATGAAAG,AGCACTCAAGATATCCAAGATCT
Chr1,9622235_9622241,TAGCATTCCCTTGGCGAATGA,TCGCAAAACATATATAAGCCAT
Chr1,9819627_9819645,TTTTTCCTCTGTCATCTGTGA,GAGCAGTCGTGACAATAGAACA
Chr1,10098982_10098990,AACACAATTATGACCCGGATGG,GTCGTCCCATGCTCATCTTA
Chr1,10163370_10163384,TTAATGAGACGAGACAGATGT,TCATTGTCAACATCCACCATCC
Chr1,10515489_10515491,GGTGATGGGTATGATTGACT,ATTTGGTTGCTTTCCGGATGAG
Chr1,10571571_10571572,TCCATGGTTCTTGATCGATCG,TGGACAGGAGCTATATGACTGT
Chr1,10577031_10577038,GAGGAGGAAGAAAACAGCAA,CCAAGACAAGAGACGGAAAAAC
Chr1,10610388_10610398,TACCCGCTTCCAGAACAATTCT,GGGATCTGCAGGAAAACGC
Chr1,10639941_10639944,GTTTTCATCAATTGATCAAACCA,CCTGTTGATGGCAATTATCATCA
Chr1,10682542_10682560,GGCACCAATCCTTGATCTGC,CGAACCGAAGACATGGACG
Chr1,10796825_10796829,TAATGCTTTCCCTACACGATTGG,GCTAACGATGGCGATGTCG
Chr1,10856634_10856636,ACCAGTCATGAAAGGTTTCTGC,CAGAATGACGAAACGGGAGA
Chr1,10859669_10859678,GTGTGTTTGGATTGGCGCA,AACGCCTTTGGTCTAGACAT
Chr1,10872458_10872473,TCAAAAACGCGTTCGCAGTA,GATTGCAATATTAGCTGTCCTGGT
Chr1,10924529_10924533,CCATCTACCTGGTCCACCC,CATACACGCTACCACTGC
Chr1,10924533_10924534,CATCTACCTGGTCCACCCC,CCATACACGCTACCACTGC
Chr1,10926212_10926223,ATCCAAAAGAGCGCTCGGA,TGTGGCTCTCGATAGCAAC
Chr1,10992383_10992398,TGCATCTGCTACTTTGGCAC,TACAAGTAGTGCATCGGACCT
Chr1,10992398_10992399,GCATCTGCTACTTTGGCACT,GTACAAGTAGTGCATCGGACCT
Chr1,11019732_11019745,GTGACGTTGTCCAATCTTGT,CCCCCAGTATTCGAGGAGG
Chr1,11033220_11033227,AGCAAGTCGCACAAGAAGTA,TGTGGGGTTTGTTCTAAGGGG
Chr1,11114167_11114182,AAGATAGCGATTCATGATGGAGAG,CCTGAAAGTTAATGGCAGCG
Chr2,108217_108220,GCTACAGAGCGAAGACGTACA,TGTGTCGCAAAAACCCAAAAAC
Chr2,193396_193410,ATCATCCGAGTGGTAAGTCCA,ACTGTCTGTGGCTGAGTGTT
Chr2,193410_193411,TCATCCGAGTGGTAAGTCCA,TACTGTCTGTGGCTGAGTGT
Chr2,241205_241208,TGATAAAAATCAAAGCTTGGACA,GTGAAGCGAGGAGACGAATTC
Chr2,256278_256279,ACCGATGCCTTGATTAGCG,GCTTCAAGACAAAGTAATTGCCA
Chr2,292851_292854,CTTCGCCGAAACAGTTTCTATCA,TTTGCGTTCCAGCTTGATGAC
Chr2,346588_346593,TTACGTCCCACACAAGAACGA,CTGATGACTTTAAGCCTGAGCG
Chr2,879434_879440,TGACGAGACTGCGAAAAAGG,CGGAATTAATAGCCCATCATGGTG
Chr2,879440_879443,CGAGACTGCGAAAAAGGGG,ACACGGAATTAATAGCCCATCA
Chr2,919568_919575,GAAGAAGGGGTATGGGAATTGGA,CCAAGACAATAAAACACCACAAGG
Chr2,1587827_1587842,ATTAGATGAGAGCACAAAAGGT,AGGCTTCCTTTTGCTCTCTCC
Chr2,1715464_1715474,AAAAAGCCGCTGAAGTGCTT,GCATATCATCACCCCTCAATACG
Chr2,2507908_2507913,GTCAGGGGTAAGAATTGGATGC,CGAACCCGAAACCTAATGCT
Chr2,2520806_2520810,GCCTGGAGAATATGAAGAGAAGC,GTGTTTGAGGCTCAACTCTAAGC
Chr2,2943572_2943582,CTGGACCCAACAACAGCC,CGAAACCTTTGTCACTGCAG
Chr2,3063665_3063672,TGTTCACGTCTGCTCAGCA,GAAGGCGTAAAGGTGTTTATACA
Chr2,3078180_3078198,TCCAGTTCAGCAAGGACAAGA,AGGTTAAGAGGTCGGCTCTTG
Chr2,3171027_3171034,CGTCTCTAACACTCCGGCC,GGATGTCAAAGAGTAGTACAACCA
Chr2,3675521_3675530,AAGTTTCCAGTCCAACTATGACA,GGCCTGTGAATGGATGTGC
Chr2,3675530_3675536,CCAGTCCAACTATGACATACCCT,GTTAGAGGCCTGTGAATGGA
Chr2,3676421_3676424,TCACGACACTAGATGCACCG,TCTCAGCAAGGTAGAACTGTCC
Chr2,3904614_3904631,CGCGACAAGGAACAATCACC,ATGGTAGTTCGACGGCCG
Chr2,3962229_3962242,TGGGAGAACGGCATTCAAAG,CCAGTCATGAACAAGGCACA
Chr2,3972404_3972405,TCTCAAGGAGCTCGCCTC,GATAAGAGCTGTGATGGCATCG
Chr2,4069334_4069345,CCATCTCTATAGGGTCATGGT,ACAACATTTGGAACGGAATCCT
Chr2,4075166_4075186,GAATGTTTTGACATGCGAGTGG,AAGCTCCGTATTCTGTAAGCCA
Chr2,4103837_4103840,TAGTGGGGAAGAAAGAAGTGTTGA,GGTTTGTGGATGCGCGAT
Chr2,4132685_4132694,GCAGACCTTGACTTTGCAAAC,CTTAACTCGTCCCAGACTGTCT
Chr2,4198801_4198810,TGCCAATAATACTGACGCGC,ATCTTTTGGATAAGCTCCCCG
Chr2,4202373_4202375,GAGGTGCATGTTTATTTTGGTGA,TTACTCCCGGCACAATCTTATCA
Chr2,4203682_4203692,TGTGGGAAGGCATGTGCT,CATTGAAAAGGGCAAAGTACATGT
Chr2,4584313_4584314,TCTTCTCGCTTGCCTTGCT,TCAACTGCTTCTGTTGGATCG
Chr2,4594073_4594081,TTTGAAGCAAAGGTAAGACATTCT,TACTCGTGAGCATGTTTCTATCAC
Chr2,4678723_4678741,TATCACTCATAGCTCAGCTCAGC,CTGCGGTACCACCTACTGTT
Chr2,4688065_4688069,GATGATGAGCATGGCACCC,ATTGACACATGGATCTGTTCCCT
Chr2,4729021_4729027,GAAGGGTTTCAAGTGGTGGA,GTCATTAGCGTGAGTCTGGA
Chr2,4751836_4751838,TGCACACCGCTTTGCAAC,TTCACTGACTGCCGGTTTG
Chr2,4793409_4793425,AAAGGTGTTGGCAAAGTACA,ACGTCTTGCCGTCGAAAATTC
Chr2,4864281_4864284,TACAGAAAACTGTTTCGATGCA,AGAGATATCTGACTGGTTGATACA
Chr2,4870348_4870354,CGAACATACGGACTACAACATCC,GTGTGACTTTGTGCCTCGC
Chr2,4901045_4901057,AAGAGCTTGGTGACCGCA,TGCTTGTCAAAAGATTGCTTCTCA
Chr2,4973703_4973707,CGTCTCTAGGTTCAGCCCTG,CGATAGAGATCCGGACCTCC
Chr2,4973849_4973861,TCTCCCCAAATCTCCAAAATGC,GGCAGATACAGACTTCCAGG
Chr2,4974568_4974575,GATGCGACATGGTTTTGGC,ATGTTCGATGATGAAGAGATATTT
Chr2,4974575_4974577,TGCGACATGGTTTTGGCC,AGATGTTCGATGATGAAGAGA
Chr2,4974577_4974580,GACATGGTTTTGGCCTACACTC,TAGAGATGTTCGATGATGAAGAGA
Chr2,5005388_5005397,CAAGGTGGTCGGGATGTG,TCTACTGTAAAAGGTTGAAGCA
Chr2,5132742_5132743,ATCCGGCAGGTGCTTGTAT,CAATTCTCGACACGACCCG
Chr2,5543448_5543456,GAACGTTGGTAGGGATGTCT,AGTTCTCTAACTACAACACACT
Chr2,5660860_5660871,AATCTGTGATTCGAGCGTTT,CGTTGAAGACCAATGCAGG
Chr2,5740778_5740781,TCTCGCATGCTCCTTGGAG,CTCCACGCTGCAAGGAGT
Chr2,5759011_5759026,CCATACAGGAAAACAGTGTACCT,GATGTTTGGTATTGATCAGAGGT
Chr2,5785412_5785427,GGGGTTGTTGGTGGAAATTTC,TCAGTGGCTGATTGACTCTAGG
Chr2,5795070_5795088,TCAGATTGTTGAGAGGCTCGA,CACATGATCGATTCGACAATTGAC
Chr2,5808146_5808162,TAGCTACTGCGGTTGATATCCA,ATCCGTGACAAGGTTTTGGAC
Chr2,5832543_5832557,GGTTGAGATTTAGATATGAAAGCA,TGCTCCCAAGTGTATGTTGAG
Chr2,5906788_5906795,GCCAATTCAGTCCAGAACAGA,GGATGTCTCCGAATTGCG
Chr2,5955654_5955668,AACCTCTTTGTCACTGTAGTGT,GTTCGGTAAATCTCTACTGGGGA
Chr2,5982252_5982263,ATTACTCTGTCTACGAAACGGA,CCATGCCACGTTGTCTCG
Chr2,6366348_6366357,ACGTCGCTATTTGGTGTGC,CTCTTTGATGGTCTGGAATCGT
Chr2,6366667_6366674,ATCTTTCCTTTCTCCTTTCTTAGA,TTCAACCCTGGTCCTAGTTCG
Chr2,6646177_6646183,CGCTTTCTTTATTGAGGGTACG,TGCATCCAAGCTAAAAAGGCT
Chr2,6651945_6651957,GTTGGGCGGTTATCAGAAACA,TCCAGGAGAGGTTTTGAGAA
Chr2,6660394_6660415,CCACCTCGATCTGTATACAAAGA,TCCATGCCGAGGTGGAAC
Chr2,6758037_6758049,ATGAAGTAAGAAGCGGGAGTGA,GAAGATCGGATGAGTCTTAGCTG
Chr2,6823564_6823571,CTCGCCCATCCTATGCTC,TTCAAGCGGGTTAGGCAATG
Chr2,6944772_6944790,TGGATGGTCATTGTTTCTTCGA,TGAGACTTTCCCAAACACATGC
Chr2,6951897_6951917,TCTTCATTTTGGGAGGAAGTCTG,CACTTGAGAAGTCCCGCCTA
Chr2,7086500_7086517,CAGGAGAGACTGGTAAGGCA,TACTCTTTCGAAAGGCATAGTCCA
Chr2,7402547_7402548,ATGGATCGCATTGTCGTAATTG,TTTATGTCGTCGTGCAGTGTG
Chr2,7844116_7844125,GCCACGAATATCATCCGAACA,TAGTACTGATCCCCGTCGTCT
Chr2,7849917_7849932,GAGGGATATACGTGGTGCAG,CCACTCATCTTCTTCATGGCC
Chr3,978824_978833,TCCAACTCAATCACCTGCCC,CGGATGCACTGCTTATTTCC
Chr3,1375500_1375518,TTGAGGCTTTAGAAACGAGAGCT,ATGCGAAATTGCCAAAAGC
Chr3,1919806_1919810,TATAATTGCGTCGAAAAGGAAA,GTTCAACTTCACGTATTTGCCT
Chr3,2369946_2369947,CTCGCGATCAGAAGAGTCATGA,CATAGGCGCAATTTATTTTGTG
Chr3,2415824_2415845,CAAGTCGAGATTGAGATACCT,CATATCCCACATGCAGCCTG
Chr3,2464089_2464097,TAACCAAACCGAGTACAACAGC,CAAGATCGTAGGCAGCCG
Chr3,2547098_2547099,CTGTGCAACGTCAAGGAAGA,GACCGAGGTGCTTTCAAGG
Chr3,3046900_3046918,GGCAATGGGTAATAATAGGCTTCT,ATCTCTTTACAGCGGTACTTGC
Chr3,3078156_3078163,CGCGTCAAACTATCCTCAAACA,CTGCAGTGCATCACAAGATA
Chr3,3491635_3491654,CCGGGCAAGGATAAAGGAGT,GAGTCACAGAACTTGAGACCACT
Chr3,3553971_3553992,GTCAAAAGTGAGCCGACCATC,CCTGTGAGACACTGAAGCCT
Chr3,3555837_3555846,AACAATACGACAAGGCAGTC,TGTTGTTGAGCCTGACTGAGT
Chr3,3617812_3617818,TGATCTCCTTTCGCGCAAAG,TCCATCCTCTATGCCGCTATG
Chr3,3630251_3630265,CTGCTTATTATCGAACATCACTCT,AACTCTGCTGCAATAGAATGGT
Chr3,3724550_3724553,CCTCTTAACTTCACGTTCTGTAGC,ATCGGTGCGTCTGACCTC
Chr3,3784918_3784930,CATTCTTGCGCTTATTTGCACT,CCCAGTAGTCTAGCGGGAG
Chr3,3785290_3785308,GAGGGTCTTCAGCCATGC,TTTACGAGTAAGTCCAGCCTCT
Chr3,3791848_3791854,ACCTGTGAATTCGCTCCTCA,CCAAATAAGCTTAGCGACGACC
Chr3,3807365_3807376,CGTCGTTGTCGTCGCTAGA,TCCGCAAAGAAGAGTTCCC
Chr3,4161025_4161039,ATCGTTTCCAATTGTTGATTCGC,TAGTTGTATCAACCAGGGTGCA
Chr3,4239229_4239245,CAACTGAAGGATGAGGCAAAGA,CGATACCAACGGTTAACTCCC
Chr3,4245226_4245231,GCCTTATTCGGAACCTCCAC,AGCTCAACGACCCACGAC
Chr3,4429057_4429069,GGCTCAATCCTTGCCAGAATG,TCGCCTCGATTTCGCATGA
Chr3,4475621_4475625,AGCCAAAGGACCTTGATAGTGA,GGGGGCTTGGAATGCTTTC
Chr3,4626222_4626233,CCGTCATGCCTATCTTCCAAG,AGTCCAGAGGAAGGTAGGTTGA
Chr3,4738708_4738725,CCATCGCAGGACTTTGGTG,GAACTTGGGAAGGATGCCA
Chr3,6367268_6367281,CAGAGTCCGTGTCCTTTTCCA,GGTATCGTCGACGCAAAGTC
Chr3,6383159_6383174,TGCTGGATTGTAGCAGGAAC,CAGGACACGATCTGCAACTG
Chr3,6430232_6430242,GACACCAAGTTTACCGCAGAG,CGGCCATTGAAGAATCTGTGG
Chr3,6452738_6452742,GCACCTTGTGTCAATGCC,CGTGGATGGACGAAAAGCAG
Chr3,6481992_6482011,GATTTGTTCCATCTGCCTTATGG,TCAATCCATTCCACCACTTCTC
Chr3,6485537_6485538,TCAGTGCTGACGATTCCG,CTCCTACTCAGCCCGGAC
Chr3,6497510_6497514,TGGTGGAATACATTTACAGCGTC,TTTCAGTGGGGATAGAGCGG
Chr3,6590060_6590061,AGAAGAGAACAACCAGAGGTCAC,TGTCTCCAGGGTAGTTGTGA
Chr3,6912360_6912363,AGACTGAGCAGATTGCCCTT,TCAGAACTACCGTATAGCTTTCGT
Chr3,6952896_6952899,TGCAATCTGAGATACGTCTTGA,CCATTTCTACCAATCGCACA
Chr3,7181853_7181858,AGACTTTGTCCCGACCAAACA,TCCAGCTCCGATGATACAGAC
Chr3,7183542_7183545,CAGCAAATGGTGTTGGGTAGA,GTTGAGGCTATCGATGCATATGT
Chr3,7183545_7183548,CAAATGGTGTTGGGTAGAATGT,CCCGTTGAGGCTATCGATG
Chr3,7189077_7189079,TTCCCTTGGTTACACCGACG,AAGAGAGTGAGTGGATAGTACA
Chr3,7218865_7218880,GGCTTCGAGGCGATCATCA,CAGGAGGTGCTGATCGATCA
Chr3,7426201_7426213,ATGTGACTCTCAAATCAGGGTC,GCTCCAACGCTTGTTACATTGA
Chr3,7432380_7432395,GGTAAGATCACGAATACATTGCCA,TGAAACGTCGGGTAGAGTTGG
Chr3,7456967_7456982,CATCTGAAGGATCGAAGAGGT,CAGGAACGAAGAGACAATCCAG
Chr4,155828_155841,TGTCTGTGAGCCCAGAACC,ATCAGAGGCATTTATCGTAAAGGA
Chr4,265263_265284,CGAAAATGACAAACTGGGCCT,CTCACCTCGACGGTTTGCTA
Chr4,269321_269336,CCGAGAAGGAATTCCGAAACT,AGGAAGCCCATGACCAGG
Chr4,855454_855466,GCTCAGGGTCGTAGTAGTCG,TTACTGGCTTTCTCGTTGAAGC
Chr4,2371952_2371973,CTTCGTAATTTCGTCCCTCAC,CTTGGTTTCGGATATTTTGGCAC
Chr4,2751357_2751378,ACTCTGGTACTCTCGATCCCA,TACTCCTTTCCGGCACCC
Chr4,2790026_2790045,TACATACATACAGCTAAGCAGGT,CGATATTCATAGCTCCAACATGGA
Chr4,2891854_2891869,GTCTGAGAAGCTCATTCCTTGC,GCCTGCACCGACTTATTTTCC
Chr4,2960176_2960182,GGGAAAGACTTGTCCGTTTCC,TGATTTGTAGTCATCCCAAATGCT
Chr4,3011471_3011472,CCGTTCCCTAAAGCCTGAAT,GACAATTCAAAATTGCGGTCGG
Chr4,3012263_3012266,CTGATTCTAGAGGCTCAACGC,TGCTGCCATCCTGACTAGATC
Chr4,3129034_3129041,GATATACGTAACCTATCTCAGCCG,TATGTCAAAAGACCTCGGGA
Chr4,3233361_3233378,GTCTTGATACCTGACGTAACA,ACAACCCACCTAGCCATTAG
Chr4,3389221_3389239,GAACGGTGGGAGTGTCGTT,TATCCCGCCGAAAAGTTC
Chr4,3723070_3723090,GCCAAACATCAACTGCCTCA,GGCTGCTCAGGAACCGTT
Chr4,4112804_4112825,GGAGTCGTTGGTGTGTGGA,GCCGATGGTTTGGTTCCAAG
Chr4,4116311_4116322,GGATCTGGAATGGACAAATACAGA,AGTCAAGTTCGTCAATCCCG
Chr4,4726859_4726866,TGTCCATATCTGTGCGAGGT,ATTTGAAAATGCACTTGAATCCCA
Chr4,4753945_4753948,CACGGTCCGAGATCGATACT,CTGTATGGGGGAGGGTCG
Chr4,4808841_4808858,TCATAAATCCTGTTTCGCGCAG,TGCATCAGTACGTTACTTTGAGA
Chr4,4832149_4832151,AGTCAGCTTACGCCCAGC,TGTCTACCTGGTCATTACTGAGT
Chr4,5433003_5433011,TACGTAGCTAACCTCAATGCA,GGGAGAACAAAAGACTACTAAGT
Chr4,5528764_5528773,TTGTGGCAACCAAGATCACA,GTGCTGATGATGGATTCGTA
Chr4,6192421_6192430,GCAAAAACCTCATAGGCTTCG,CTCATGACGATTCCCCGT
